Generation,AverageFitness
1,184
2,201.5
3,222
4,253
5,257.75
6,248
7,269.75
8,275.25
9,295.5
10,317.25
Symbol Set,Expansion Size,Mutation Chance,Mutation Type,Best Fitness,Time Taken (s)
"F ",1,60,30,10,RULE,322,3.44303
Generation,AverageFitness
1,246.25
2,231.25
3,256.25
4,239.25
5,235.25
6,298
7,262.5
8,296.25
9,319.25
10,260.5
"F ",1,40,30,30,RULE,341,3.04599
Generation,AverageFitness
1,190
2,188
3,190
4,215
5,255.5
6,263
7,251
8,316.5
